d3658756-df3c-44ea-bfbd-3f4797ffca8e,Wade,wade@gmail.com,P@ssw0rd,wade.png,0,2023-09-07 02:51:59.016
8053c7cf-3d7e-4210-a59f-1603330fccd8,Dave,dave@gmail.com,P@ssw0rd,dave.png,0,2023-09-07 02:52:31.17
c2e937a5-6535-4bec-ba7d-fc19aa90c321,Seth,seth@gmail.com,P@ssw0rd,seth.png,0,2023-09-07 03:00:50.252
8732c107-623e-4484-8dc5-7c4b91ed8bfd,Ivan,ivan@gmail.com,P@ssw0rd,ivan.png,0,2023-09-07 03:01:02.112
bc253a17-0c57-4c49-acba-29fab18121ff,Riley,riley@gmail.com,P@ssw0rd,riley.png,0,2023-09-07 03:01:12.315
51cb53d4-5d95-4e23-96e0-b29c1202cdf3,Gilbert,gilbert@gmail.com,P@ssw0rd,gilbert.png,0,2023-09-07 03:01:21.214
377ab535-b5e2-4ed9-b4b9-9cea4f52c5c6,Jorge,jorge@gmail.com,P@ssw0rd,jorge.png,0,2023-09-07 03:01:30.75
be90e3cd-5093-4b3a-86ea-f66d789403e0,Dan,dan@gmail.com,P@ssw0rd,dan.png,0,2023-09-07 03:01:40.767
883831ae-7469-4d92-bbf1-d00b2ba39f7b,Brian,brian@gmail.com,P@ssw0rd,brian.png,0,2023-09-07 03:01:50.337
32a6c002-a4b9-4920-9b87-7578216499d6,Roberto,roberto@gmail.com,P@ssw0rd,roberto.png,0,2023-09-07 03:01:59.974
